{
  "name" : "vgeo_x18",
  "cpu" : "Intel(R) Xeon(R) Gold 6240 CPU @ 2.60GHz",
  "time" : 19.02,
  "init" : 0.48,
  "tpe" : 0.1902,
  "eps" : 5.39374,
  "sps" : 1113.89,
  "edep" : 1.91229
}
