{
  "name" : "vgeo_e20",
  "cpu" : "Apple M1",
  "time" : 27.9036,
  "init" : 0.299852,
  "tpe" : 0.279036,
  "eps" : 3.6227,
  "sps" : 1390.35,
  "edep" : 18.7441
}
