{
  "name" : "vgeo_x18",
  "cpu" : "Intel(R) Xeon(R) Gold 6240 CPU @ 2.60GHz",
  "time" : 20.27,
  "init" : 0.6,
  "tpe" : 0.2027,
  "eps" : 5.08388,
  "sps" : 1049.03,
  "edep" : 1.90888
}
