{
  "name" : "vgeo_x18",
  "cpu" : "Intel(R) Xeon(R) CPU E5-2690 v4 @ 2.60GHz",
  "time" : 22.13,
  "init" : 0.52,
  "tpe" : 0.2213,
  "eps" : 4.62749,
  "sps" : 955.647,
  "edep" : 1.91229
}
