{
  "name" : "ecal_e1000",
  "cpu" : "Apple M1",
  "time" : 33.5571,
  "init" : 0.601331,
  "tpe" : 3.35571,
  "eps" : 0.303437,
  "sps" : 1319.91,
  "edep" : 967.125
}
