{
  "name" : "hcal_p10",
  "cpu" : "Apple M1",
  "time" : 182.555,
  "init" : 0.805927,
  "tpe" : 18.2555,
  "eps" : 0.055021,
  "sps" : 845.081,
  "edep" : 844.986
}
