{
  "name" : "vgeo_x18",
  "cpu" : "Apple M1",
  "time" : 11.0451,
  "init" : 0.300364,
  "tpe" : 0.110451,
  "eps" : 9.3069,
  "sps" : 1922.02,
  "edep" : 1.91229
}
